income_quartile_label,n_counties,income_range_low,income_range_high,mean_enrollment,median_enrollment,sd_enrollment
Q1 — Lowest income,56,36165,58553,0.2391989823182161,0.2250462194701721,0.17039178911525021
Q2,55,58628,65795,0.26374282716266717,0.24537987679671455,0.15094157486168847
Q3,55,65952,72560,0.24133559039161842,0.2391975308641975,0.09727092284009539
Q4 — Highest income,55,72750,127981,0.2902934501568664,0.28416912487708945,0.1216455877613463
